CREATE TABLE BILL 
   (INVOICENO NUMBER PRIMARY KEY, 
    BOOKINGID NUMBER, 
    GUESTID NUMBER, 
    ROOMCHARGE NUMBER, 
    CREDITCARDNO NUMBER,
    PAYMENTDATE VARCHAR2(10));
  
Insert into BILL (INVOICENO,BOOKINGID,GUESTID,ROOMCHARGE,CREDITCARDNO,PAYMENTDATE) values (1,101,123,2000,8723498234792846,'22/5/2017');
Insert into BILL (INVOICENO,BOOKINGID,GUESTID,ROOMCHARGE,CREDITCARDNO,PAYMENTDATE) values (2,102,456,6000,7863247328642346,'12/7/2016');
Insert into BILL (INVOICENO,BOOKINGID,GUESTID,ROOMCHARGE,CREDITCARDNO,PAYMENTDATE) values (3,103,789,6000,8923743243249873,'31/5/2018');
Insert into BILL (INVOICENO,BOOKINGID,GUESTID,ROOMCHARGE,CREDITCARDNO,PAYMENTDATE) values (4,104,429,2000,0392842345345432,'22/12/2019');
Insert into BILL (INVOICENO,BOOKINGID,GUESTID,ROOMCHARGE,CREDITCARDNO,PAYMENTDATE) values (5,105,249,5000,2342390827394723,'29/5/2021');
Insert into BILL (INVOICENO,BOOKINGID,GUESTID,ROOMCHARGE,CREDITCARDNO,PAYMENTDATE) values (6,106,927,8000,9088294600213434,'19/10/2022');
Insert into BILL (INVOICENO,BOOKINGID,GUESTID,ROOMCHARGE,CREDITCARDNO,PAYMENTDATE) values (7,107,249,3000,9087238496723846,'1/1/2023');
Insert into BILL (INVOICENO,BOOKINGID,GUESTID,ROOMCHARGE,CREDITCARDNO,PAYMENTDATE) values (8,108,692,4000,9842342342342342,'1/3/2023');
Insert into BILL (INVOICENO,BOOKINGID,GUESTID,ROOMCHARGE,CREDITCARDNO,PAYMENTDATE) values (9,109,304,4000,2342342342342342,'12/12/2022');

CREATE TABLE BOOKING
   (	BOOKINGID NUMBER PRIMARY KEY, 
      GUESTID NUMBER, 
      ROOMNO NUMBER, 
      BOOKINGDATE VARCHAR2(20), 
      BOOKINGTIME VARCHAR2(20), 
      ARRIVALDATE VARCHAR2(20), 
      DEPARTUREDATE VARCHAR2(20), 
      ADULTNO NUMBER, 
      CHILDRENNO NUMBER);

Insert into BOOKING (BOOKINGID,GUESTID,ROOMNO,BOOKINGDATE,BOOKINGTIME,ARRIVALDATE,DEPARTUREDATE,ADULTNO,CHILDRENNO) values (101,123,255,'22/5/2017','2 am','23/5/2017','25/5/2017',2,1);
Insert into BOOKING (BOOKINGID,GUESTID,ROOMNO,BOOKINGDATE,BOOKINGTIME,ARRIVALDATE,DEPARTUREDATE,ADULTNO,CHILDRENNO) values (102,456,520,'12/7/2016','5 pm','15/7/2016','18/7/2016',3,0);
Insert into BOOKING (BOOKINGID,GUESTID,ROOMNO,BOOKINGDATE,BOOKINGTIME,ARRIVALDATE,DEPARTUREDATE,ADULTNO,CHILDRENNO) values (103,789,678,'31/5/2018','10 pm','2/6/2018','6/6/2018',1,0);
Insert into BOOKING (BOOKINGID,GUESTID,ROOMNO,BOOKINGDATE,BOOKINGTIME,ARRIVALDATE,DEPARTUREDATE,ADULTNO,CHILDRENNO) values (104,429,129,'22/1/2020','8 am','25/1/2020','27/1/2019',4,2);
Insert into BOOKING (BOOKINGID,GUESTID,ROOMNO,BOOKINGDATE,BOOKINGTIME,ARRIVALDATE,DEPARTUREDATE,ADULTNO,CHILDRENNO) values (105,249,954,'29/5/2021','9 pm','1/6/2021','6/6/2021',2,1);
Insert into BOOKING (BOOKINGID,GUESTID,ROOMNO,BOOKINGDATE,BOOKINGTIME,ARRIVALDATE,DEPARTUREDATE,ADULTNO,CHILDRENNO) values (106,927,384,'19/10/2022','3 pm','22/10/022','26/10/2022',4,0);
Insert into BOOKING (BOOKINGID,GUESTID,ROOMNO,BOOKINGDATE,BOOKINGTIME,ARRIVALDATE,DEPARTUREDATE,ADULTNO,CHILDRENNO) values (107,815,736,'1/1/2023','8 am','3/1/2023','5/1/2023',3,2);
Insert into BOOKING (BOOKINGID,GUESTID,ROOMNO,BOOKINGDATE,BOOKINGTIME,ARRIVALDATE,DEPARTUREDATE,ADULTNO,CHILDRENNO) values (108,692,437,'1/3/2023','6 am','4/3/2023','8/3/2023',2,0);
Insert into BOOKING (BOOKINGID,GUESTID,ROOMNO,BOOKINGDATE,BOOKINGTIME,ARRIVALDATE,DEPARTUREDATE,ADULTNO,CHILDRENNO) values (109,304,849,'12/12/2022','1 pm','14/12/2023','16/12/2022',4,2);

CREATE TABLE EMPLOYEES
   (	EMPLOYEEID NUMBER PRIMARY KEY, 
      FIRSTNAME VARCHAR2(20), 
      LASTNAME VARCHAR2(20), 
      GENDER VARCHAR2(10), 
      PHONENO NUMBER, 
      EMAIL VARCHAR2(30), 
      SALARY NUMBER, 
      ROLEID NUMBER);
    
Insert into EMPLOYEES (EMPLOYEEID,FIRSTNAME,LASTNAME,GENDER,PHONENO,EMAIL,SALARY,ROLEID) values (36,'Marwa','Gad','female',113652441,'marwagad@yahoo.com',5000,258);
Insert into EMPLOYEES (EMPLOYEEID,FIRSTNAME,LASTNAME,GENDER,PHONENO,EMAIL,SALARY,ROLEID) values (37,'Adham','Elsawy','male',102586192,'adhamelsawy@yahoo.com',3000,145);
Insert into EMPLOYEES (EMPLOYEEID,FIRSTNAME,LASTNAME,GENDER,PHONENO,EMAIL,SALARY,ROLEID) values (38,'Tarek','Mohammed','male',158806970,'tarekmohammed@yahoo.com',4000,208);
Insert into EMPLOYEES (EMPLOYEEID,FIRSTNAME,LASTNAME,GENDER,PHONENO,EMAIL,SALARY,ROLEID) values (39,'Salama','Hussni','male',103241955,'salamahussni@yahoo.com',6000,267);
Insert into EMPLOYEES (EMPLOYEEID,FIRSTNAME,LASTNAME,GENDER,PHONENO,EMAIL,SALARY,ROLEID) values (40,'Hassan','Saaid','male',125960014,'hassansaaid@yahoo.com',3000,145);
Insert into EMPLOYEES (EMPLOYEEID,FIRSTNAME,LASTNAME,GENDER,PHONENO,EMAIL,SALARY,ROLEID) values (41,'Mai','Omar','female',1120058633,'maiomar@yahoo.com',4500,208);
Insert into EMPLOYEES (EMPLOYEEID,FIRSTNAME,LASTNAME,GENDER,PHONENO,EMAIL,SALARY,ROLEID) values (42,'Sara','Ashraf','female',1522069630,'saraashraf@yahoo.com',5500,258);
Insert into EMPLOYEES (EMPLOYEEID,FIRSTNAME,LASTNAME,GENDER,PHONENO,EMAIL,SALARY,ROLEID) values (43,'Mahmoud','Saleh','male',1100589633,'mahmoudsaleh@yahoo.com',7000,267);
Insert into EMPLOYEES (EMPLOYEEID,FIRSTNAME,LASTNAME,GENDER,PHONENO,EMAIL,SALARY,ROLEID) values (44,'Yousra','Abdelsalam','female',123081973,'yousraabdelsalam@yahoo.com',4000,208);


CREATE TABLE GUEST
   (	BOOKINGID NUMBER PRIMARY KEY, 
      GUESTID NUMBER, 
      FIRSTNAME VARCHAR2(20), 
      LASTNAME VARCHAR2(10), 
      GENDER VARCHAR2(10), 
      PHONENO NUMBER, 
      EMAIL VARCHAR2(30), 
      CITY VARCHAR2(10), 
      COUNTRY VARCHAR2(20), 
      PASSPORTNO NUMBER);
      
Insert into GUEST (BOOKINGID,GUESTID,FIRSTNAME,LASTNAME,GENDER,PHONENO,EMAIL,CITY,COUNTRY,PASSPORTNO) values (1,123,'Ali','Samir','male',1234567890,'alisamir@yahoo.com','Alexandria','Egypt',2725278);
Insert into GUEST (BOOKINGID,GUESTID,FIRSTNAME,LASTNAME,GENDER,PHONENO,EMAIL,CITY,COUNTRY,PASSPORTNO) values (2,456,'David','Smith','male',1038597890,'ahmedhossam@yahoo.com','Berlin','German',2377847);
Insert into GUEST (BOOKINGID,GUESTID,FIRSTNAME,LASTNAME,GENDER,PHONENO,EMAIL,CITY,COUNTRY,PASSPORTNO) values (3,789,'Marina','George','female',1063952174,'marinageorge@yahoo.com','Barcelona','Spain',4123925);
Insert into GUEST (BOOKINGID,GUESTID,FIRSTNAME,LASTNAME,GENDER,PHONENO,EMAIL,CITY,COUNTRY,PASSPORTNO) values (4,429,'Ahlam','Mohsen','female',1162352087,'ahlammohsen@yahoo.com','Riyadh','Saudi Arabia',6823674);
Insert into GUEST (BOOKINGID,GUESTID,FIRSTNAME,LASTNAME,GENDER,PHONENO,EMAIL,CITY,COUNTRY,PASSPORTNO) values (5,815,'Abdelrahman','Helal','male',1290322985,'abdelrahmanhelal@yahoo.com','Doha','Qatar',5700974);
Insert into GUEST (BOOKINGID,GUESTID,FIRSTNAME,LASTNAME,GENDER,PHONENO,EMAIL,CITY,COUNTRY,PASSPORTNO) values (6,927,'Mariam','Gamal','Female',1169712540,'mariamgamal@yahoo.com','Aleppo','Syria',2118932);
Insert into GUEST (BOOKINGID,GUESTID,FIRSTNAME,LASTNAME,GENDER,PHONENO,EMAIL,CITY,COUNTRY,PASSPORTNO) values (7,249,'Mostafa','Mahrous','male',1545993025,'mostafamahrous@yahoo.com','Cairo','Egypt',2782147);
Insert into GUEST (BOOKINGID,GUESTID,FIRSTNAME,LASTNAME,GENDER,PHONENO,EMAIL,CITY,COUNTRY,PASSPORTNO) values (8,692,'Ibrahim','Elsayed','male',1162352087,'ibrahimelsayed@yahoo.com','Bras?lia','Brazil',2823674);
Insert into GUEST (BOOKINGID,GUESTID,FIRSTNAME,LASTNAME,GENDER,PHONENO,EMAIL,CITY,COUNTRY,PASSPORTNO) values (9,304,'Menna','Eid','Female',1538597890,'mennaeid@yahoo.com','Elfayoum','Egypt',2509712);


CREATE TABLE ROLES 
   (	ROLEID NUMBER PRIMARY KEY, 
      ROLETITLE VARCHAR2(20), 
      DESCRIPTION VARCHAR2(200));
      
Insert into ROLES (ROLEID,ROLETITLE,DESCRIPTION) values (267,'Hotel Manager ','A Hotel Manager is a person who is responsible for the day-to-day management of a hotel and its staff ');
Insert into ROLES (ROLEID,ROLETITLE,DESCRIPTION) values (258,'Hotel Receptionist','A professional who is responsible for greeting guests in an efficient and courteous manner');
Insert into ROLES (ROLEID,ROLETITLE,DESCRIPTION) values (145,'Porter','Welcomes guests, carries their luggage to and from their room and arranges various services such as taxis and restaurant bookings');
Insert into ROLES (ROLEID,ROLETITLE,DESCRIPTION) values (208,'House Keeper','Responsible for cleaning and reporting any safety hazards to the homeowner');


CREATE TABLE ROOM
   (	ROOMNO NUMBER PRIMARY KEY, 
      ROOMTYPE VARCHAR2(10), 
      ROOMPRICE NUMBER,
      CurrentlyBooked char(1));
      
Insert into ROOM (ROOMNO,ROOMTYPE,ROOMPRICE,CurrentlyBooked) values (255,'standard',1000,'y');
Insert into ROOM (ROOMNO,ROOMTYPE,ROOMPRICE,CurrentlyBooked) values (520,'suite',2000,'n');
Insert into ROOM (ROOMNO,ROOMTYPE,ROOMPRICE,CurrentlyBooked) values (678,'deluxe',1500,'n');
Insert into ROOM (ROOMNO,ROOMTYPE,ROOMPRICE,CurrentlyBooked) values (129,'deluxe',1500,'y');
Insert into ROOM (ROOMNO,ROOMTYPE,ROOMPRICE,CurrentlyBooked) values (954,'standard',1000,'y');
Insert into ROOM (ROOMNO,ROOMTYPE,ROOMPRICE,CurrentlyBooked) values (384,'suite',2000,'n');
Insert into ROOM (ROOMNO,ROOMTYPE,ROOMPRICE,CurrentlyBooked) values (736,'deluxe',1500,'n');
Insert into ROOM (ROOMNO,ROOMTYPE,ROOMPRICE,CurrentlyBooked) values (437,'standard',1000,'y');
Insert into ROOM (ROOMNO,ROOMTYPE,ROOMPRICE,CurrentlyBooked) values (849,'suite',2000,'y');
